sample_id,seed,trial,relative_frequency_heads,relative_frequency_tails
sample_1,702,2000,0.519,0.481
sample_2,1702,2000,0.5355,0.4645
sample_3,2702,2000,0.533,0.46699999999999997
sample_4,3702,2000,0.5055,0.49450000000000005
sample_5,4702,2000,0.5295,0.47050000000000003
