hour,average_requests
0,1.1666666666666667
1,1.4333333333333333
2,1.4
3,1.2
4,1.1
5,1.0666666666666667
6,0.9666666666666667
7,1.0333333333333334
8,6.633333333333334
9,6.066666666666666
10,5.833333333333333
11,7.266666666666667
12,6.433333333333334
13,6.933333333333334
14,6.633333333333334
15,6.533333333333333
16,6.333333333333333
17,6.2
18,4.066666666666666
19,4.033333333333333
20,4.266666666666667
21,4.166666666666667
22,0.9
23,0.8333333333333334
