count,mean,variance,standard_deviation,minimum,median,maximum
720,3.8541666666666665,11.148383171070932,3.33891946160295,0,3.0,19
