sample_id,mean,variance,standard_deviation,variance_minus_mean
sample_1,3.8541666666666665,11.148383171070924,3.3389194616029485,7.2942165044042575
sample_2,3.8430555555555554,10.627629037243095,3.2600044535618498,6.78457348168754
sample_3,3.9444444444444446,11.154072013599137,3.3397712516876266,7.2096275691546925
sample_4,3.915277777777778,11.284884484623701,3.3592982131129263,7.369606706845923
sample_5,3.9166666666666665,11.514603616133519,3.393317494154285,7.5979369494668525
