day_type,hours,mean,variance,standard_deviation
weekday,504,4.345238095238095,12.970036921329156,3.6013937470553197
weekend,216,2.7083333333333335,5.054069767441856,2.2481258344322845
