product_group,order_lines,total_quantity,average_quantity,returned_lines,return_rate
brakes,263,825,3.1368821292775664,12,0.045627376425855515
electrical,205,488,2.3804878048780487,15,0.07317073170731707
engine,188,427,2.271276595744681,9,0.047872340425531915
filters,353,1405,3.9801699716713883,19,0.053824362606232294
suspension,191,501,2.6230366492146597,19,0.09947643979057591
