warehouse,order_lines,total_quantity,average_quantity,returned_lines,return_rate
central,336,1029,3.0625,17,0.050595238095238096
east,194,567,2.922680412371134,14,0.07216494845360824
north,197,574,2.9137055837563453,13,0.06598984771573604
south,240,739,3.0791666666666666,13,0.05416666666666667
west,233,737,3.163090128755365,17,0.07296137339055794
