sample_id,order_lines,total_quantity,average_quantity,return_rate
sample_1,1200,3646,3.0383333333333336,0.06166666666666667
sample_2,1200,3687,3.0725,0.06166666666666667
sample_3,1200,3740,3.1166666666666667,0.06416666666666666
sample_4,1200,3618,3.015,0.07666666666666666
sample_5,1200,3649,3.0408333333333335,0.0675
