count,mean,median,minimum,maximum,variance,standard_deviation
540,49.99979074074074,49.962500000000006,47.873,53.01,0.48719793201058215,0.697995653289175
