machine,count,mean,median,minimum,maximum,variance,standard_deviation
M1,180,49.981344444444446,49.972,48.625,51.136,0.28543793656114064,0.5342639203250961
M2,180,50.30741666666667,50.275499999999994,47.873,53.01,0.6256168142458092,0.7909594264219937
M3,180,49.71061111111111,49.731,48.288,51.498,0.3763860043451263,0.613503059768349
