machine,parts,within_spec,within_spec_proportion,mean_deviation,mean_abs_deviation
M1,180,180,1.0,-0.018655555555555557,0.43987777777777776
M2,180,166,0.9222222222222223,0.30741666666666667,0.6513388888888889
M3,180,176,0.9777777777777777,-0.28938888888888886,0.542611111111111
