zone,deliveries,mean,median,q1,q3,standard_deviation,delayed_rate
central,154,38.68636363636364,33.0,24.05,43.8,25.337494674170852,0.11688311688311688
remote,56,39.167857142857144,36.45,27.1,46.85,18.568635404337627,0.08928571428571429
suburban,140,36.10285714285714,33.05,24.349999999999998,41.4,19.85460439089668,0.08571428571428572
