sample_id,mean,median,q1,q3,standard_deviation,delayed_rate
sample_1,37.73,33.3,24.625,43.775,22.239241950243947,0.1
sample_2,35.742285714285714,32.45,24.924999999999997,41.55,16.665145943447786,0.08
sample_3,36.43971428571429,32.75,24.5,42.275,19.733702642318285,0.08857142857142856
sample_4,37.320571428571434,32.6,25.025,43.625,21.30823938234017,0.07714285714285714
sample_5,35.174,30.5,23.725,40.775,18.60074353814707,0.07142857142857142
