count,mean,median,minimum,q1,q2_median,q3,maximum,variance,standard_deviation
350,37.73,33.3,10.0,24.625,33.3,43.775,232.5,494.58388252148995,22.23924195024394
