roll,frequency,relative_frequency,fair_die_probability,generating_probability
1,157,0.157,0.16666666666666666,0.14
2,174,0.174,0.16666666666666666,0.16
3,151,0.151,0.16666666666666666,0.17
4,184,0.184,0.16666666666666666,0.18
5,158,0.158,0.16666666666666666,0.16
6,176,0.176,0.16666666666666666,0.19
