age_group,frequency,relative_frequency
18-25,111,0.185
26-40,248,0.41333333333333333
41-60,185,0.30833333333333335
60+,56,0.09333333333333334
