renewed,frequency,relative_frequency
False,146,0.24333333333333335
True,454,0.7566666666666667
