sample_id,overall_renewal_rate,mean_satisfaction,satisfaction_5_share
sample_1,0.7566666666666667,3.6266666666666665,0.18333333333333332
sample_2,0.735,3.5716666666666668,0.16
sample_3,0.7683333333333333,3.6966666666666668,0.205
sample_4,0.7316666666666667,3.6083333333333334,0.185
sample_5,0.7266666666666667,3.631666666666667,0.18
