satisfaction,customers,renewed_customers,renewal_rate
1,5,3,0.6
2,51,27,0.5294117647058824
3,217,140,0.6451612903225806
4,217,179,0.8248847926267281
5,110,105,0.9545454545454546
