channel,customers,renewed_customers,renewal_rate
mobile_app,225,194,0.8622222222222222
phone,91,51,0.5604395604395604
website,284,209,0.7359154929577465
