count,mean,median,minimum,maximum,variance,standard_deviation
240,71.1275,70.4,27.6,100.0,230.74350836820082,15.190243854797092
