group,count,mean,median,minimum,maximum,variance,standard_deviation
A,120,69.84916666666666,68.9,39.9,94.2,132.19361274509808,11.497548118842472
B,120,72.40583333333333,72.45,27.6,100.0,327.9366883753502,18.109022292088277
