count,mean,median,q1,q3,minimum,maximum,standard_deviation
500,11.566139999999999,9.2,5.0825,16.7275,0.46,55.34,8.713334637290297
