service_type,q10,q25,q50,q75,q90
priority,1.7670000000000001,2.6475,5.125,7.9425,10.841
standard,4.394,7.185,12.24,19.9025,26.20600000000001
