sample_id,mean,median,resolved_under_10_rate,probability_over_20
sample_1,11.566139999999999,9.2,0.538,0.17
sample_2,11.54644,8.93,0.542,0.15
sample_3,11.929120000000001,9.2,0.534,0.172
sample_4,12.76588,10.155000000000001,0.494,0.196
sample_5,11.721440000000001,9.075,0.538,0.16
