service_type,count,mean,median,q1,q3,standard_deviation,resolved_under_10_rate
priority,160,5.85125,5.125,2.6475,7.9425,3.904364232867251,0.85625
standard,340,14.2555,12.24,7.185,19.9025,9.051910962865579,0.38823529411764707
