sample_id,correlation_all,correlation_without_outliers
sample_1,0.01788268848733159,0.05723552816012142
sample_2,-0.16786106937548817,-0.15374666606330253
sample_3,-0.06975615506270906,-0.038615914463357624
sample_4,-0.10166469386214844,-0.07835175939175407
sample_5,-0.0168259284011588,0.01590192754788632
