service_type,count,mean_wait,median_wait,q75,under_10_rate
priority,160,5.85125,5.125,7.9425,0.85625
standard,340,14.2555,12.24,19.9025,0.38823529411764707
