group,frequency,relative_frequency
left_branch,125,0.4734848484848485
right_branch,135,0.5113636363636364
outlier_group,4,0.015151515151515152
