sample_id,group,mean_score,pass_rate
sample_1,A,69.84916666666666,0.975
sample_1,B,72.40583333333333,0.875
sample_2,A,68.7075,0.95
sample_2,B,72.83583333333333,0.9166666666666666
sample_3,A,68.5125,0.975
sample_3,B,73.94250000000001,0.9083333333333333
sample_4,A,67.1425,0.9333333333333333
sample_4,B,72.60833333333333,0.9083333333333333
sample_5,A,70.13666666666667,1.0
sample_5,B,72.88916666666667,0.9333333333333333
