satisfaction,frequency,relative_frequency
1,5,0.008333333333333333
2,51,0.085
3,217,0.3616666666666667
4,217,0.3616666666666667
5,110,0.18333333333333332
