sample_id,mean_wait,median_wait,under_10_rate
sample_1,11.566139999999999,9.2,0.538
sample_2,11.54644,8.93,0.542
sample_3,11.929120000000001,9.2,0.534
sample_4,12.76588,10.155000000000001,0.494
sample_5,11.721440000000001,9.075,0.538
