group,count,mean_score,median_score,standard_deviation,pass_rate
A,120,69.84916666666666,68.9,11.497548118842472,0.975
B,120,72.40583333333333,72.45,18.109022292088277,0.875
