sample_id,correlation
sample_1,0.01788268848733159
sample_2,-0.16786106937548817
sample_3,-0.06975615506270906
sample_4,-0.10166469386214844
sample_5,-0.0168259284011588
